[{"location": "bogota", "url": "https://query.data.world/s/7cfmxtnfoemtl6ksa3uv6tppj7soal"}
,{"location": "boston","url": "https://query.data.world/s/65qcd26th2rgrxbc4t5djoxqicq7ge"}
,{"location": "johannesburg_pretoria","url": "https://query.data.world/s/e4rhape6q76a6b7o4sroknjmuwnjo4"}
,{"location": "manila","url": "https://query.data.world/s/uzqgi4apsviopqzqrkterzjg35od3m"}
,{"location": "paris","url": "https://query.data.world/s/uplfgpdyu4mpen5iw6tdcemqoqhy7p"}
,{"location": "sydney","url": "https://query.data.world/s/vw54xncvmb4rzeh4q6rsmhhvhiuimc"}
,{"location": "dc", "url": "https://query.data.world/s/nbmlpzdlouqo2n4m3minknwo3hbs47"}]